Workbook
Name Approval_Instructions: Instructions!$A$2
Name Approval_Sheet: Approval!$A$4
Name category: #REF!
Name Dummy: 'System Model'!$O$1
Name Revision_History_Instructions: Instructions!$A$7
Name Revision_History_Sheet: 'Rev History'!$A$3
Name RTM_Instructions: Instructions!$A$12
Name RTM_Sheet: #REF!
Name Status: #REF!

Sheet Cover
A2: System Name Pulled from Cover Sheet
A3: Requirements System Spreadsheet (RSS) Template
A5: Prepared By: Booz Allen Hamilton
A6: Revision: 1.5
A7: Date: 20250205
A9: CLASSIFICATION PULLED FROM COVER SHEET
A10: Classified By:
A11: Derived From:
A12: Declassify On:

Sheet Approval
A1: Requirements Approval
A2: Stakeholder Name | B2: Role | C2: Date | D2: Signature
D3: Note: Email indicating approval of the requirements may be substituted for signature
B4: NGIC M&S Model Lead
B5: BAH Model Lead
B6: NGIC Lead Analyst
A11: Instructions

Sheet Rev History
A1: Revision History
A2: Revision | B2: Date | C2: Name | D2: Description of Changes
A3: 1 | B3: 45506 | C3: BAH | D3: Initial model requirements sheet presented at SRR
A4: 1.1 | B4: 45511 | C4: NGIC | D4: Feedback and accepted from NGIC on some of the items.
A5: 1.2 | B5: 45524 | C5: Keene | D5: Accepted changes NGIC provided and made some tweaks.
A6: 1.3 | B6: 45541 | C6: Keene | D6: Made some tweaks based on OJ12 Requirements finding
A7: 1.4 | B7: 45580 | C7: Keene | D7: Modified instructions
A8: 1.5 | B8: 45693 | C8: Keene
A10: Instructions

Sheet General
A1: =Cover!A9 -> CLASSIFICATION PULLED FROM COVER SHEET
A3: Project: | B3: =Cover!A2 -> System Name Pulled from Cover Sheet
A4: Revision: | B4: =Cover!A6 -> Revision: 1.5
A5: Req. ID | B5: Requirement Description | C5: Status | D5: Status Date | E5: Requirement Source | F5: Requirement Category | G5: Verification Method(s) | H5: Test ID | I5: Test Results/Status | J5: Priority | K5: Risk Assessment | L5: Comments
A7: 1 | B7: Architecture
A8: =$A$7 & "." & (ROW(A1)) -> 1.1 | B8: Shall develop a model of the [insert system name here] that will be designed, developed, tested, documented, and delivered in accordance with the requirements captured in this document and contractual standards. NOTE: This should have classified name for final version | C8: Accepted | E8: Select Source | F8: Select Category | G8: Select Method | I8: Select Results | J8: Select Priority | K8: Select Risk
A9: =$A$7 & "." & (ROW(A2)) -> 1.2 | B9: Shall develop a model of the [XYZ] within the [XYZ] framework with architecture version [XYZ]. Note: For ODESSA, this would read:" Shall develop a model of the OXX within the ODESSA framework". The OXX would be replaced with the classified name in the final version. | C9: Accepted | E9: Select Source | F9: Select Category | G9: Select Method | I9: Select Results | J9: Select Priority | K9: Select Risk
A10: =$A$7 & "." & (ROW(A3)) -> 1.3 | B10: Core architecture changes must be approved by the technical leadership team and must have COR approval. NOTE: This may not apply to all frameworks of interest, but does apply to ODESSA and needs to be considered. | C10: Accepted | E10: Select Source | F10: Select Category | G10: Select Method | I10: Select Results | J10: Select Priority | K10: Select Risk | L10: Recognize that changes made to the core arch (like bug fixes or larger issues in core functions) that effect other models (in-dev or previousl completed) need to be communicated with technical leadership team and NGIC.
A11: 2 | B11: Miscellaneous
A12: =$A$11 & "." & (ROW(A1)) -> 2.1 | B12: Classification of the model as delivered shall not exceed [XXXXXXXXXXXX]. All changes to final classification of the model needs approval in writing by the COR. NOTE: If it exceeds SECRET/REL, must have COR approval. If initially agreed to clasification needs to be modified, COR approval is required. | C12: Accepted | E12: Select Source | F12: Select Category | G12: Select Method | I12: Select Results | J12: Select Priority | K12: Select Risk
A13: =$A$11 & "." & (ROW(A2)) -> 2.2 | B13: Model development shall commence at the unclassified level and remain at the lowest possible classification level for as long as feasibly possible. Source files containing classified algorithms, logic, or intel shall be properly labeled with the overall classification, derivation, portion markings, and declassification date. | C13: Accepted | E13: Select Source | F13: Select Category | G13: Select Method | I13: Select Results | J13: Select Priority | K13: Select Risk
A14: =$A$11 & "." & (ROW(A3)) -> 2.3 | B14: Model shall execute successfully on Windows 10 computers with the 8.1 SDK installed. | C14: Accepted | E14: Select Source | F14: Select Category | G14: Select Method | I14: Select Results | J14: Select Priority | K14: Select Risk
A15: =$A$11 & "." & (ROW(A4)) -> 2.4 | B15: Model shall be compatible to run real time on a Windows 10 64-bit computer in most test cases. Some exceptions include: scenarios with large numbers of entities, test assets causing slow downs, and reduction of timestep below model threshold. | C15: Accepted | E15: Select Source | F15: Select Category | G15: Select Method | I15: Select Results | J15: Select Priority | K15: Select Risk
A16: =$A$11 & "." & (ROW(A5)) -> 2.5 | B16: Model shall not have any components that cause the path names (filename plus model file path) to exceed the 150 character limit. | C16: Accepted | E16: Select Source | F16: Select Category | G16: Select Method | I16: Select Results | J16: Select Priority | K16: Select Risk
A17: =$A$11 & "." & (ROW(A6)) -> 2.6 | B17: C++ version shall be Visual C++ 2015 with Update 3, and the IDE used shall be Visual Studio 2022. | C17: Accepted | E17: Select Source | F17: Select Category | G17: Select Method | I17: Select Results | J17: Select Priority | K17: Select Risk
A18: =$A$11 & "." & (ROW(A7)) -> 2.7 | B18: Third party software – Model development and final delivered (compiled) model shall not be dependent on any software that requires a user license, and all third party software (i.e. free software) used in the model development or assessment of model performance shall be delivered to the government as part of the model delivery package. | C18: Accepted | E18: Select Source | F18: Select Category | G18: Select Method | I18: Select Results | J18: Select Priority | K18: Select Risk
A19: =$A$11 & "." & (ROW(A8)) -> 2.8 | B19: For licensed software (such as MATLAB) that require licenses, it may be acceptable during development, but any requests to use licensed software (to include Matlab toolboxes) must be clearly disclosed and approved by the government COR prior to integration into the model or for assessment of model performance. These licensed software requests should be known at SRR. NOTE: If there are licensed software use requests, they should be child requirements to this parent requirement. | C19: Accepted | E19: Select Source | F19: Select Category | G19: Select Method | I19: Select Results | J19: Select Priority | K19: Select Risk
A20: =$A$11 & "." & (ROW(A9)) -> 2.9 | B20: Model development shall not preclude integration into external frameworks (such as AFSIM or ITASE). | C20: Accepted | E20: Select Source | F20: Select Category | G20: Select Method | I20: Select Results | J20: Select Priority | K20: Select Risk
A21: =$A$11 & "." & (ROW(A10)) -> 2.10 | B21: Model architecture shall support integration into [xyz]. NOTE: Delete if there is no requirement. | C21: Accepted | E21: Select Source | F21: Select Category | G21: Select Method | I21: Select Results | J21: Select Priority | K21: Select Risk
A22: =$A$11 & "." & (ROW(A11)) -> 2.11 | B22: Model development, including all development that occurs in conjunction with or is used to support model development and performance assessment, shall be the property of NGIC and no proprietary software shall be used unless prior written approval from COR. NOTE: If any software has approval to not become property of NGIC, secondary requirement needs captured. | C22: Accepted | E22: Select Source | F22: Select Category | G22: Select Method | I22: Select Results | J22: Select Priority | K22: Select Risk
A26: Instructions
A27: CLASSIFICATION HERE

Sheet System Model
A1: =Cover!A9 -> CLASSIFICATION PULLED FROM COVER SHEET
A3: Project: | B3: =Cover!A2 -> System Name Pulled from Cover Sheet
A4: Revision: | B4: =Cover!A6 -> Revision: 1.5
A5: Req. ID | B5: Requirement Description | C5: Status | D5: Status Date | E5: Requirement Source | F5: Requirement Category | G5: Verification Method(s) | H5: Test ID | I5: Test Results/Status | J5: Priority | K5: Risk Assessment | L5: Comments
A7: 3 | B7: Key Model Parameters
A8: =$A$7 & "." & (ROW(Dummy)) -> 3.1 | C8: Select Status | E8: Select Source | F8: Select Category | G8: Select Method | I8: Select Results | J8: Select Priority | K8: Select Risk
A9: 4 | B9: RF Performance Parameters - Frequency, Range, Power
A10: =$A$9 & "." & (ROW(Dummy)) -> 4.1 | C10: Select Status | E10: Select Source | F10: Select Category | G10: Select Method | I10: Select Results | J10: Select Priority | K10: Select Risk
A11: 5 | B11: Timing and Scheduler
A12: =$A$11 & "." & (ROW(Dummy)) -> 5.1 | C12: Select Status | E12: Select Source | F12: Select Category | G12: Select Method | I12: Select Results | J12: Select Priority | K12: Select Risk
A13: 6 | B13: Modes and Logic
A14: =$A$13 & "." & (ROW(Dummy)) -> 6.1 | C14: Select Status | E14: Select Source | F14: Select Category | G14: Select Method | I14: Select Results | J14: Select Priority | K14: Select Risk
A15: 7 | B15: Sensor and Weapon Accuracy
A16: =$A$15 & "." & (ROW(Dummy)) -> 7.1 | C16: Select Status | E16: Select Source | F16: Select Category | G16: Select Method | I16: Select Results | J16: Select Priority | K16: Select Risk
A17: 8 | B17: Environment and Geometric Nuances
A18: =$A$17 & "." & (ROW(Dummy)) -> 8.1 | C18: Select Status | E18: Select Source | F18: Select Category | G18: Select Method | I18: Select Results | J18: Select Priority | K18: Select Risk
A19: 9 | B19: Target/Test Asset: Classes, Type, Output, etc
A20: =$A$19 & "." & (ROW(Dummy)) -> 9.1 | C20: Select Status | E20: Select Source | F20: Select Category | G20: Select Method | I20: Select Results | J20: Select Priority | K20: Select Risk
A21: 10 | B21: Digital Signal Processing and Waveforms
A22: =$A$21 & "." & (ROW(Dummy)) -> 10.1 | C22: Select Status | E22: Select Source | F22: Select Category | G22: Select Method | I22: Select Results | J22: Select Priority | K22: Select Risk
A23: 11 | B23: Electromagnetic Attack Features
A24: =$A$23 & "." & (ROW(Dummy)) -> 11.1 | C24: Select Status | E24: Select Source | F24: Select Category | G24: Select Method | I24: Select Results | J24: Select Priority | K24: Select Risk
A25: 12 | B25: Electromagnetic Protection Features
A26: =$A$25 & "." & (ROW(Dummy)) -> 12.1 | C26: Select Status | E26: Select Source | F26: Select Category | G26: Select Method | I26: Select Results | J26: Select Priority | K26: Select Risk
A27: 13 | B27: Tactics, Techniques, and Procedures
A28: =$A$27 & "." & (ROW(Dummy)) -> 13.1 | C28: Select Status | E28: Select Source | F28: Select Category | G28: Select Method | I28: Select Results | J28: Select Priority | K28: Select Risk
A29: 14 | B29: Propagation
A30: =$A$29 & "." & (ROW(Dummy)) -> 14.1 | C30: Select Status | E30: Select Source | F30: Select Category | G30: Select Method | I30: Select Results | J30: Select Priority | K30: Select Risk
A31: 15 | B31: Model Outputs
A32: =$A$31 & "." & (ROW(Dummy)) -> 15.1 | C32: Select Status | E32: Select Source | F32: Select Category | G32: Select Method | I32: Select Results | J32: Select Priority | K32: Select Risk
B33: For additional requirements sections: add here, increment base req ID, and increment following sheets. Please let technical leadership team know, so base template can be reviewed to determine if modification is needed in original template.
A34: Instructions
A36: =Cover!A9 -> CLASSIFICATION PULLED FROM COVER SHEET

Sheet GUI & ENV
A1: =Cover!A9 -> CLASSIFICATION PULLED FROM COVER SHEET
A3: Project: | B3: =Cover!A2 -> System Name Pulled from Cover Sheet
A4: Revision: | B4: =Cover!A6 -> Revision: 1.5
A5: Req. ID | B5: Requirement Description | C5: Status | D5: Status Date | E5: Requirement Source | F5: Requirement Category | G5: Verification Method(s) | H5: Test ID | I5: Test Results/Status | J5: Priority | K5: Risk Assessment | L5: Comments
A7: 16 | B7: Front End GUI | L7: For models without GUIs, the only requirement will be that GUI will not be required.
A8: 16.1 | B8: The Front End GUI shall display an asset configuration section. | C8: Accepted | E8: Select Source | F8: Select Category | G8: Select Method | I8: Select Results | J8: Select Priority | K8: Select Risk
A9: 16.2 | B9: The Front End GUI shall display a pre-composed asset selector in the asset building section that correctly characterizes and instantiates pre-loaded asset models. | C9: Accepted | E9: Select Source | F9: Select Category | G9: Select Method | I9: Select Results | J9: Select Priority | K9: Select Risk
A10: 16.3 | B10: The Front End GUI shall warn the user for entering inputs outside the range of nominal operation for this model | C10: Accepted | E10: Select Source | F10: Select Category | G10: Select Method | I10: Select Results | J10: Select Priority | K10: Select Risk
A11: 16.4 | B11: The Front End GUI shall allow the user to configure basic details of the asset. | C11: Accepted | E11: Select Source | F11: Select Category | G11: Select Method | I11: Select Results | J11: Select Priority | K11: Select Risk
A12: 16.5 | B12: The Front End GUI shall allow the user to configure batch runs of the ODESSA model for repeated simulations with similar parameters. Note: This may not apply to other models. | C12: Accepted | E12: Select Source | F12: Select Category | G12: Select Method | I12: Select Results | J12: Select Priority | K12: Select Risk
A13: 16.6 | B13: A list of parameters that can be set in the GUI is available in the UAM for this model. Hard-coded parameters and a description of model specific available output logs will be described/defined in the UAM. | C13: Accepted | E13: Select Source | F13: Select Category | G13: Select Method | I13: Select Results | J13: Select Priority | K13: Select Risk
A14: 17 | B14: Environment API
A15: 17.1 | B15: The Environment API shall utilize TIREM or other energy propagation algorithms approved by the Government. | C15: Accepted | E15: Select Source | F15: Select Category | G15: Select Method | I15: Select Results | J15: Select Priority | K15: Select Risk
A16: 17.2 | B16: The Environment API shall account for atmospheric losses. | C16: Accepted | E16: Select Source | F16: Select Category | G16: Select Method | I16: Select Results | J16: Select Priority | K16: Select Risk
A24: Instructions
A25: =Cover!A9 -> CLASSIFICATION PULLED FROM COVER SHEET

Sheet Documentation
A1: =Cover!A9 -> CLASSIFICATION PULLED FROM COVER SHEET
A3: Project: | B3: =Cover!A2 -> System Name Pulled from Cover Sheet
A4: Revision: | B4: =Cover!A6 -> Revision: 1.5 | G4: Reccoment removal or mod list | I4: Change to Test ID | J4: Reccomment removal | K4: Reccomend removal | L4: Recommend we combine and have one risk
A5: Req. ID | B5: Requirement Description | C5: Status | D5: Status Date | E5: Requirement Source | F5: Requirement Category | G5: Verification Method(s) | H5: Test ID | I5: Test Results/Status | J5: Priority | K5: Risk Assessment | L5: Comments | M5: Comments
A7: 18 | B7: Documentation
A8: =$A$7 & "." & (ROW(A1)) -> 18.1 | B8: A ReadMe file shall be in the top level folder of the delivery; this ReadMe shall contain a list of all documents and give their file path locations; this ReadMe shall provide a 'Quick Start' guide | C8: Accepted | E8: Select Source | F8: Select Category | G8: Select Method | I8: Select Results | J8: Select Priority | K8: Select Risk
A9: =$A$7 & "." & (ROW(A2)) -> 18.2 | B9: An Architecture Description Document (ADD) shall be written for the model using template version 3.0. | C9: Accepted | E9: Select Source | F9: Select Category | G9: Select Method | I9: Select Results | J9: Select Priority | K9: Select Risk
A10: =$A$7 & "." & (ROW(A3)) -> 18.3 | B10: A User and Analyst Manual (UAM) shall be written for the model using template version 3.0. | C10: Accepted | E10: Select Source | F10: Select Category | G10: Select Method | I10: Select Results | J10: Select Priority | K10: Select Risk
A11: =$A$7 & "." & (ROW(A4)) -> 18.4 | B11: An Interface Control Document (ICD) shall be written for the model using template version 3.0. | C11: Accepted | E11: Select Source | F11: Select Category | G11: Select Method | I11: Select Results | J11: Select Priority | K11: Select Risk
A12: =$A$7 & "." & (ROW(A5)) -> 18.5 | B12: A Test Description Dcoument (TDD) shall be written for the model using template version 3.0. | C12: Accepted | E12: Select Source | F12: Select Category | G12: Select Method | I12: Select Results | J12: Select Priority | K12: Select Risk
A13: =$A$7 & "." & (ROW(A6)) -> 18.6 | B13: Reference Req 1.1 on core architecture changes. If changes to the core architecture are approved, the core architecture's analyst manual shall be updated. Examples include code or algorithms developed or modified that will be propagated to the code's trunk because it will not be unique to the system. | C13: Accepted | E13: Select Source | F13: Select Category | G13: Select Method | I13: Select Results | J13: Select Priority | K13: Select Risk
A14: =$A$7 & "." & (ROW(A7)) -> 18.7 | B14: If core architecture AM is updated, it shall be delivered with the model delivery package. | C14: Accepted | E14: Select Source | F14: Select Category | G14: Select Method | I14: Select Results | J14: Select Priority | K14: Select Risk
A15: 19 | B15: Standards
A16: =$A$15 & "." & (ROW(A1)) -> 19.1 | B16: NGIC_TMAP_Standards shall be followed | C16: Accepted | E16: Select Source | F16: Select Category | G16: Select Method | I16: Select Results | J16: Select Priority | K16: Select Risk
A17: =$A$15 & "." & (ROW(A2)) -> 19.2 | B17: NGIC_Style_Guideline_Version1p00_doc shall be followed | C17: Accepted | E17: Select Source | F17: Select Category | G17: Select Method | I17: Select Results | J17: Select Priority | K17: Select Risk
A18: =$A$15 & "." & (ROW(A3)) -> 19.3 | B18: NGIC document templates shall be followed | C18: Accepted | E18: Select Source | F18: Select Category | G18: Select Method | I18: Select Results | J18: Select Priority | K18: Select Risk
A19: =$A$15 & "." & (ROW(A4)) -> 19.4 | B19: Interim NGIC document updates shall be delivered according to the schedule and expected content laid out in the individual document templates unless approval obtained from NGIC COR. | C19: Accepted | E19: Select Source | F19: Select Category | G19: Select Method | I19: Select Results | J19: Select Priority | K19: Select Risk
A20: 20 | B20: Delivery
A21: =$A$20 & "." & (ROW(A1)) -> 20.1 | B21: Deliverables shall consist of the architecture (ODESSA, GEMMA, etc.), [insert system name here] model, all targets, all source code (including makefiles and project files), compiled code (debug and release), external sim wrapper, instructions on how to compile model from source code, and associated documentation. NOTE: This should have classified name for final version | C21: Accepted | E21: Select Source | F21: Select Category | G21: Select Method | I21: Select Results | J21: Select Priority | K21: Select Risk
A22: =$A$20 & "." & (ROW(A2)) -> 20.2 | B22: Test files, test scripts, test utilities, test results, test methods, hash tests, and requirements sheet shall be delivered. | C22: Accepted | E22: Select Source | F22: Select Category | G22: Select Method | I22: Select Results | J22: Select Priority | K22: Select Risk
A23: =$A$20 & "." & (ROW(A3)) -> 20.3 | B23: Intel source list and copies of all sources in source list shall be delivered. | C23: Accepted | E23: Select Source | F23: Select Category | G23: Select Method | I23: Select Results | J23: Select Priority | K23: Select Risk
A24: =$A$20 & "." & (ROW(A4)) -> 20.4 | B24: Contractor shall provide training to government user on how to set up and run between 2 and 5 example tests (selection of tests and the exact number at Government discretion) from the TDD and generate plots using the Analytics GUI. | C24: Accepted | E24: Select Source | F24: Select Category | G24: Select Method | I24: Select Results | J24: Select Priority | K24: Select Risk
A25: =$A$20 & "." & (ROW(A5)) -> 20.5 | B25: Deliverables and demo shall include appropriate visualizations of data that enable model verification, validation, and customer needs. All scripts for visualizations shall be included in delivery. | C25: Accepted | E25: Select Source | F25: Select Category | G25: Select Method | I25: Select Results | J25: Select Priority | K25: Select Risk
A26: =$A$20 & "." & (ROW(A6)) -> 20.6 | B26: The classified system name (not the unclass monikers) will be used in all final documents, and for the folder structure, the classified system name (not the unclass monikers) will be used to the greatest extent feasible. | C26: Modified | E26: Select Source | F26: Select Category | G26: Select Method | I26: Select Results | J26: Select Priority | K26: Select Risk
A29: Instructions
A30: =Cover!$A$9 -> CLASSIFICATION PULLED FROM COVER SHEET

Sheet References
A1: Reference Documents
A2: Reference # | B2: Date | C2: Name | D2: Name of Document
A3: 1 | B3: 44958 | C3: BAH | D3: Classified Requirements Sheet
A4: 2 | B4: 44958 | C4: BAH | D4: Test Plan Document
A5: 3 | B5: 44932 | C5: NGIC | D5: Intel Document a
A6: 4 | B6: 44932 | C6: NGIC | D6: Intel Document b
A7: 5 | B7: 44932 | C7: NGIC | D7: Intel Document c
A8: 6 | B8: 44932 | C8: NGIC | D8: Intel Document d
A9: 7 | B9: 44932 | C9: NGIC | D9: Analyst Notes a
A10: 8 | B10: 44932 | C10: NGIC | D10: Analyst Notes b
A11: 9 | B11: 44932 | C11: NGIC | D11: Analyst Notes c
A12: 10 | B12: 44932 | C12: NGIC | D12: Analyst Notes d
A14: Instructions

Sheet Instructions
A1: Instructions
A2: Approval
A3: Stakeholder Name | B3: The name of the stakeholder that is approving the requirements.
A4: Role | B4: The stakeholder's role (e.g., Project Manager, Lead Engineer, Customer) on the project.
A5: Date | B5: The date on which the stakeholder signed (or provided another means of approving) the requirements.
A6: Signature | B6: The signature of the stakeholder showing approval of the requirements. If approval is given via email, annotate "email approval" in the "Signature" column and store a copy of the email in an online project folder. If signatures will be obtained, print out the signature page, obtain all necessary signatures, and store the signed page in a hardcopy project folder.
A7: Revision History
A8: Revision | B8: A unique identifier for the revision.
A9: Date | B9: The date the revision was created.
A10: Name | B10: The name of the individual responsible for the revision.
A11: Description of Changes | B11: A description of the changes that were made for this revision.
A12: RTM
A13: Req. ID | B13: A unique identifier associated with a requirement. The ID assigned to a requirement will not change throughout the life of the project.
A14: Requirement Description | B14: Text specifying the requirement. Must be easy to understand and specific enough that it can be tested/inspected to verify requirement is met.
A15: Status | B15: Select 1 of 6 (New, Modified, Under Review, Deferred,Accepted, Deleted): A requirement is "New" when initially entered. An existing requirement is "Modified" if the requirement text changes, i.e., from a change request. A requirement is "Accepted" when the Customer and BAH has given approval, or "Deleted" if the Customer rejects it. "Deferred" may be used for systems where a feature would be ideal but may not fit within the budget/timeline/architecture capability at that time. All requirements should have a status of accepted or deferred/deleted when signed. OPTIONALLY, projects can use additional status values for more granularity. For example, a requirement may be "Under Review" after the team's peer review, but before being "Accepted" or "Deleted". This may be valuable if a significant delay is anticipated between submitting requirements to the Customer and getting a response. Document additional status values so project team members will know their meaning.
A16: Status Date | B16: The date the status field of a requirement is initially set or changed.
A17: Requirement Source | B17: The source(s) of the original or new requirement or source(s) of requirement change request. Select 1 of 4: Intel Review, NGIC request, SOW Modification, Derived from another requirement
A18: Requirement Category | B18: Select 1 of 3: External Interface, Functional, or Nonfunctional Requirement. Note: A Functional Requirement is a description of "what" the Product must do. A Nonfunctional Requirement is a description of "how well" the Product must do the thing it does and the "qualities" that the product must have.
A19: Verification Method(s) | B19: Specify the method that will be used to verify the requirement: Inspection or Test.
A20: Test ID | B20: This is a tag to the test family that will demonstrate that the requirement is met.
A21: Test Results/Status | B21: Select 1 of 3: Pass, Partial Pass, Fail
A22: Priority | B22: Captures the priority of the requirement, so that even requirements that NGIC would like but may not be able to have right now are captured. Select one of the following: Shall, Should, May.
A23: Risk Area and Risk Assessment | B23: An assessment of the severity of the risk for each requirement. Select 1 of 4: High, Medium, Low, or N/A.
A24: Comments | B24: Include comments as appropriate.
A25: NOTE 1: If a drop down option not available that you are expecting or unclear. Please notify Booz Allen leadership.
A26: NOTE 2: Fields for traceability to Test ID and Test Results/Status should be left blank until the corresponding phase of the project's lifecycle is reached.
A27: How to work list numbering | B27: To properly use the formula for section numbering use the formula: =$Column$Row & "." & (ROW(Subsection reference Cell)). The $column$Row controls the major section number for the first subsection, Ie if you are in section 4, and the number 4 is located in cell A15, you would do $A$15. The (ROW(Subsection Reference Cell) controls the last decimal place, the value of the cell is arbitrary, it's just grabbing the row number and using it, so if you want a .2 use A2, for a .5 use A5, etc… so together to make 4.15 you would set the formula as =$A$15 & "." & (ROW(A15)). To make a sub sub section like 4.15.1, you point the $column$row to the 4.15 cell, and (ROW(SubsectionReferenceCell)) to A1, so if 4.15 was at cell A32, it would look like =$A$32 & "." & (ROW(A1)), which would give us 4.15.1

Sheet DataFeeds
A1: Classification | B1: UNCLASSIFIED
A3: DO NOT MODIFY THESE WITHOUT TALKING TO Booz Allen LEADERSHIP
A5: Select Method
A6: Inspection
A7: Test
A11: Select Status
A12: New
A13: Modified
A14: Under Review
A15: Accepted
A16: Deferred
A17: Deleted
A20: Select Category
... A48: N/A
